<application>
  <component name="UpdatesConfigurable">
    <enabledExternalComponentSources>
      <item value="Android SDK" />
    </enabledExternalComponentSources>
    <option name="externalUpdateChannels">
      <map>
        <entry key="Android SDK" value="Stable Channel" />
      </map>
    </option>
    <knownExternalComponentSources>
      <item value="Android SDK" />
    </knownExternalComponentSources>
    <option name="LAST_BUILD_CHECKED" value="AI-192.7142.36.36.6241897" />
    <option name="LAST_TIME_CHECKED" value="1583752350768" />
  </component>
</application>